{
  "main": {
    "id": "a2823d92d97c7d40",
    "type": "split",
    "children": [
      {
        "id": "7fc39aa29bc99c3b",
        "type": "tabs",
        "children": [
          {
            "id": "f931598d648d2ba8",
            "type": "leaf",
            "state": {
              "type": "markdown",
              "state": {
                "file": "IOTSA/Cloud.md",
                "mode": "source",
                "source": false
              }
            }
          }
        ]
      }
    ],
    "direction": "vertical"
  },
  "left": {
    "id": "2a792d58c3b905ed",
    "type": "split",
    "children": [
      {
        "id": "775c8c57aaa8f6cc",
        "type": "tabs",
        "children": [
          {
            "id": "687fb28057ed33f8",
            "type": "leaf",
            "state": {
              "type": "file-explorer",
              "state": {
                "sortOrder": "alphabetical"
              }
            }
          },
          {
            "id": "9335b5d240ab5682",
            "type": "leaf",
            "state": {
              "type": "search",
              "state": {
                "query": "",
                "matchingCase": false,
                "explainSearch": false,
                "collapseAll": false,
                "extraContext": false,
                "sortOrder": "alphabetical"
              }
            }
          },
          {
            "id": "ffeb3ff85ad73b7c",
            "type": "leaf",
            "state": {
              "type": "bookmarks",
              "state": {}
            }
          }
        ]
      }
    ],
    "direction": "horizontal",
    "width": 200
  },
  "right": {
    "id": "fdd97026e3a61912",
    "type": "split",
    "children": [
      {
        "id": "3cc9d5061c8a563d",
        "type": "tabs",
        "children": [
          {
            "id": "2831e425ba427dc9",
            "type": "leaf",
            "state": {
              "type": "backlink",
              "state": {
                "file": "IOTSA/Cloud.md",
                "collapseAll": false,
                "extraContext": false,
                "sortOrder": "alphabetical",
                "showSearch": false,
                "searchQuery": "",
                "backlinkCollapsed": false,
                "unlinkedCollapsed": true
              }
            }
          },
          {
            "id": "3358122c15481e4c",
            "type": "leaf",
            "state": {
              "type": "outgoing-link",
              "state": {
                "file": "IOTSA/Cloud.md",
                "linksCollapsed": false,
                "unlinkedCollapsed": true
              }
            }
          },
          {
            "id": "9b105d5434c8a108",
            "type": "leaf",
            "state": {
              "type": "tag",
              "state": {
                "sortOrder": "frequency",
                "useHierarchy": true
              }
            }
          },
          {
            "id": "3c2602b400778a54",
            "type": "leaf",
            "state": {
              "type": "outline",
              "state": {
                "file": "IOTSA/Cloud.md"
              }
            }
          }
        ]
      }
    ],
    "direction": "horizontal",
    "width": 300,
    "collapsed": true
  },
  "left-ribbon": {
    "hiddenItems": {
      "switcher:Open quick switcher": false,
      "graph:Open graph view": false,
      "canvas:Create new canvas": false,
      "daily-notes:Open today's daily note": false,
      "templates:Insert template": false,
      "command-palette:Open command palette": false,
      "templater-obsidian:Templater": false,
      "obsidian-markbase:Sync all Markbase projects": false
    }
  },
  "active": "f931598d648d2ba8",
  "lastOpenFiles": [
    "IOTSA/IOT architecture.md",
    "IOTSA/long range.md",
    "IOTSA/MQTT.md",
    "IOTSA/short range.md",
    "IOTSA/RTOS.md",
    "IOTSA/Cloud.md",
    "imgs/WhatsApp Image 2023-08-18 at 19.03.41.jpg",
    "imgs/Untitled.canvas",
    "imgs/Pasted image 20230824005231.png",
    "imgs/Untitled 4.png",
    "imgs/Untitled 1.png",
    "imgs/Untitled 3.png",
    "imgs/Untitled 2.png",
    "imgs/Pasted image 20231004230252.png",
    "imgs/Untitled.png",
    "IOTSA/BLE.md",
    "imgs/Pasted image 20230825234939.png",
    "imgs/Pasted image 20231002175927.png",
    "Pasted.md",
    "es/ES.md",
    "es/DHCP.md",
    "es/image 20230822013443.png.md",
    "UNIT3.md",
    "es/Unit 4.md",
    "es/Untitled.canvas",
    "es/unit 2.md",
    "es/WC.md",
    "es/asdsad.md",
    "Untitled 1.md",
    "Untitled.md",
    "es/Untitled.md",
    "Nutrtion/Unit 2.md",
    "Nutrtion/Unit 1.md",
    "Nutrtion",
    "IOTSA",
    "imgs",
    "New folder",
    "es",
    "es/questions.md",
    "es/Untitled 1.canvas"
  ]
}